{
  "best_params": {
    "fast_window": 7,
    "slow_window": 15,
    "momentum_threshold": 0.003,
    "volume_threshold": 1.3,
    "stop_loss_pct": 0.02,
    "take_profit_pct": 0.03,
    "max_holding_period": 25
  },
  "best_score": 2.485390805574097,
  "train_metrics": {
    "total_return": 0.8078169999999918,
    "sharpe_ratio": 2.5613825228391263,
    "max_drawdown": 0.1519834345300586,
    "win_rate": 0.47085201793721976,
    "profit_factor": 1.184307456149755,
    "total_trades": 665,
    "avg_win": 164.78739682539674,
    "avg_loss": -123.81316384180808
  },
  "total_samples": 100
}