scenario,n_days,volatility,window,std_multiplier,total_return,sharpe_ratio,max_drawdown,win_rate,profit_factor,total_trades,avg_win,avg_loss
baseline,30,0.8,20,1.5,0.7043714552153084,43.17028241340284,0.006202659836913468,0.8189873417721519,4.795260537809642,5944,13.755237098858672,-12.97848846719209
low_vol,30,0.4,20,1.5,0.39989254379437644,47.36280612049699,0.003199178280079057,0.8030127462340672,4.231887542722076,6960,7.5559304147511686,-7.278437291051734
high_vol,30,1.2,20,1.5,1.0051228548179658,40.03639028840472,0.007454484829614869,0.8041666666666667,4.7500916083560885,5634,21.98875766007836,-19.00895132628162
tight_zscore,30,0.8,20,1.5,0.711022496907616,43.387879421414354,0.00619199247893833,0.8024282560706402,4.258058638925035,6674,12.782084158792994,-12.191900638918115
loose_zscore,30,0.8,20,1.5,0.7126911643063828,45.104130123419665,0.006428295592438639,0.8501440922190202,5.857411109992369,5345,14.566332116446214,-14.107926015763798
