std_multiplier,total_return,sharpe_ratio,win_rate,max_drawdown
1.0,0.7043714552153084,43.17028241340284,0.8189873417721519,0.006202659836913468
1.25,0.7043714552153084,43.17028241340284,0.8189873417721519,0.006202659836913468
1.5,0.7043714552153084,43.17028241340284,0.8189873417721519,0.006202659836913468
1.75,0.7043714552153084,43.17028241340284,0.8189873417721519,0.006202659836913468
2.0,0.7043714552153084,43.17028241340284,0.8189873417721519,0.006202659836913468
2.25,0.7043714552153084,43.17028241340284,0.8189873417721519,0.006202659836913468
