window,total_return,sharpe_ratio,win_rate,max_drawdown
10,0.7098612956443627,42.80074839624306,0.8009049773755657,0.00619508782524584
15,0.6834209700807929,41.083365647318345,0.8057901085645356,0.0062858310674226104
20,0.7043714552153084,43.17028241340284,0.8189873417721519,0.006202659836913468
25,0.7320704663628083,45.530131407847,0.8383705650459922,0.006205015790884379
30,0.7359653695495697,45.812420530327515,0.845222072678331,0.006191654065382306
